frame,class,conf,xmin,ymin,xmax,ymax
3,IFR suit,0.25,109,80,438,480
13,IFR suit,0.29,109,78,437,480
16,IFR suit,0.25,115,80,435,480
17,IFR suit,0.28,110,78,439,479
19,IFR suit,0.25,113,76,435,479
20,IFR suit,0.28,108,78,438,479
21,IFR suit,0.27,112,78,438,479
22,IFR suit,0.29,113,76,431,478
23,IFR suit,0.33,99,67,443,476
26,IFR suit,0.3,184,122,493,479
27,IFR suit,0.29,191,129,494,478
28,IFR suit,0.26,171,113,500,478
35,Helmet,0.27,509,0,640,93
36,Helmet,0.27,509,0,640,93
491,Helmet,0.34,196,0,491,175
573,Helmet,0.36,537,0,640,102
574,Helmet,0.36,537,0,640,102
717,Helmet,0.26,495,0,639,138
718,Helmet,0.26,495,0,639,138
732,IFR suit,0.28,55,88,476,478
733,IFR suit,0.28,55,88,476,478
734,IFR suit,0.27,109,125,440,478
735,IFR suit,0.27,109,125,440,478
756,IFR suit,0.29,107,117,431,478
759,People,0.27,147,47,426,478
761,IFR suit,0.27,97,83,444,479
762,IFR suit,0.29,86,76,447,479
787,People,0.26,117,45,402,480
787,IFR suit,0.26,89,87,421,480
799,People,0.25,115,39,393,479
800,People,0.25,113,43,396,480
801,People,0.25,113,43,396,480
802,People,0.25,112,34,395,480
804,IFR suit,0.27,72,88,419,480
807,People,0.27,113,26,399,480
809,People,0.25,111,29,400,480
813,People,0.26,111,34,396,480
815,People,0.27,112,45,397,480
816,People,0.27,112,41,396,480
816,IFR suit,0.25,82,90,418,480
817,People,0.27,110,48,396,480
817,IFR suit,0.25,72,96,412,479
818,People,0.25,110,45,400,480
819,People,0.25,111,40,396,479
847,IFR suit,0.29,104,96,442,478
906,No IFR,0.27,105,192,402,479
910,No IFR,0.27,69,160,372,479
973,Helmet,0.31,0,1,123,139
974,Helmet,0.31,0,1,123,139
1011,No IFR,0.3,132,171,432,479
1079,People,0.26,104,71,404,477
1080,People,0.31,106,66,402,478
1081,People,0.31,106,66,402,478
1082,People,0.34,107,62,398,478
1089,No IFR,0.26,87,145,399,478
1090,No IFR,0.26,88,145,397,478
1095,No IFR,0.25,98,168,387,479
1159,No IFR,0.28,64,154,350,478
1302,Helmet,0.32,76,147,354,360
1303,Helmet,0.3,75,147,354,359
1304,Helmet,0.3,75,147,354,359
1305,Helmet,0.27,75,147,353,359
1306,Helmet,0.27,76,147,354,358
1307,Helmet,0.27,74,147,358,360
1309,Helmet,0.28,77,146,357,360
1310,Helmet,0.28,72,146,356,359
1312,Helmet,0.33,72,147,359,355
1314,Helmet,0.32,75,149,351,359
1316,Helmet,0.31,77,147,356,359
1317,Helmet,0.3,73,147,359,357
1319,Helmet,0.25,75,148,358,359
1321,Helmet,0.25,76,148,357,359
1323,Helmet,0.25,77,150,358,390
1331,Helmet,0.26,78,146,359,360
1333,Helmet,0.29,74,145,362,362
1341,Helmet,0.27,74,144,361,361
1346,Helmet,0.26,70,146,362,362
1358,Helmet,0.26,76,147,353,360
1359,Helmet,0.28,70,148,357,360
1361,Helmet,0.26,70,148,355,357
1364,Helmet,0.31,73,147,348,363
1377,Helmet,0.27,73,145,351,364
1393,Helmet,0.31,66,151,348,385
1404,Helmet,0.27,73,156,349,385
1421,Helmet,0.26,82,155,352,390
1449,Helmet,0.26,77,147,353,359
1918,No IFR,0.31,89,77,377,480
1997,Helmet,0.25,90,142,379,363
2014,Helmet,0.26,93,125,373,351
2020,No IFR,0.3,84,89,360,480
2136,No IFR,0.26,92,154,348,477
2144,No IFR,0.28,107,204,379,480
2145,No IFR,0.27,108,203,380,479
2146,No IFR,0.27,109,202,380,480
2150,No IFR,0.39,110,166,380,478
2194,IFR suit,0.27,53,163,480,480
2195,IFR suit,0.27,53,163,480,480
2363,No Helmet,0.31,140,172,351,359
2364,No Helmet,0.26,148,168,359,361
2371,No Helmet,0.31,187,135,426,315
2372,No Helmet,0.3,198,133,429,320
2374,No Helmet,0.27,214,124,434,317
2436,Helmet,0.25,174,143,382,332
2439,Helmet,0.26,178,144,377,333
2455,Helmet,0.28,177,140,382,337
2468,Helmet,0.25,175,138,374,337
2473,Helmet,0.26,175,136,378,338
2474,Helmet,0.26,170,134,383,334
2475,Helmet,0.26,173,132,379,309
2683,Helmet,0.28,146,155,360,341
2686,Helmet,0.36,172,166,372,293
2697,No Helmet,0.3,205,188,414,370
2698,No Helmet,0.3,205,188,414,370
2699,No Helmet,0.37,201,190,417,361
2700,No Helmet,0.35,201,190,416,343
2701,No Helmet,0.33,204,192,407,325
2702,No Helmet,0.28,203,191,407,362
2703,No Helmet,0.29,201,190,405,341
2738,Helmet,0.27,185,189,363,380
2748,Helmet,0.27,185,199,359,374
2749,Helmet,0.25,186,201,359,375
2752,Helmet,0.3,181,201,358,397
2760,Helmet,0.26,175,200,357,396
2781,Helmet,0.29,203,200,374,380
2809,No Helmet,0.27,195,196,390,375
2821,Helmet,0.27,202,190,386,385
2822,Helmet,0.27,202,190,386,385
2824,Helmet,0.27,204,188,386,383
2825,Helmet,0.33,206,189,389,401
2843,Helmet,0.27,215,200,390,375
2845,Helmet,0.3,210,198,395,366
2860,No Helmet,0.32,191,179,389,296
2861,No Helmet,0.34,184,171,398,360
2862,No Helmet,0.34,184,171,398,360
2866,No Helmet,0.3,185,176,382,289
2866,Helmet,0.26,196,175,370,261
2871,No Helmet,0.28,183,170,387,331
2875,No Helmet,0.28,183,171,385,333
2876,No Helmet,0.28,182,169,384,346
2888,No Helmet,0.31,185,177,384,323
2889,No Helmet,0.26,186,177,382,305
2931,No Helmet,0.25,168,171,376,364
2966,Helmet,0.25,84,102,331,303
2981,Helmet,0.25,51,100,284,250
2994,Helmet,0.26,19,104,274,298
3021,No Helmet,0.26,56,123,313,270
3022,No Helmet,0.28,63,125,312,270
3023,No Helmet,0.31,66,128,310,272
3025,No Helmet,0.25,53,133,323,301
3028,No Helmet,0.31,63,141,327,281
3031,No Helmet,0.34,68,153,334,297
3032,No Helmet,0.31,83,155,327,286
3033,No Helmet,0.34,85,160,329,290
3034,No Helmet,0.32,91,165,324,294
3035,No Helmet,0.32,87,166,341,322
3036,No Helmet,0.37,97,167,344,312
3037,No Helmet,0.45,116,171,347,301
3038,No Helmet,0.42,120,178,351,300
3041,No Helmet,0.34,151,186,379,320
3042,No Helmet,0.58,173,193,389,319
3043,No Helmet,0.42,183,197,392,347
3044,No Helmet,0.33,194,201,397,331
3045,No Helmet,0.43,209,204,411,326
3046,No Helmet,0.3,214,209,423,332
3047,No Helmet,0.27,215,211,430,342
3069,No Helmet,0.42,76,234,285,429
3070,No Helmet,0.44,50,242,264,431
3071,No Helmet,0.34,50,249,219,421
3072,No Helmet,0.26,24,253,200,430
3226,No Helmet,0.25,178,229,378,414
3227,No Helmet,0.25,178,229,378,414
3228,No Helmet,0.42,191,229,395,415
3229,No Helmet,0.42,191,229,395,415
3230,No Helmet,0.47,198,230,408,402
3231,No Helmet,0.47,198,230,408,402
3232,No Helmet,0.49,202,230,416,400
3233,No Helmet,0.42,210,229,421,407
3234,No Helmet,0.42,210,229,421,407
3235,No Helmet,0.42,207,228,435,388
3236,No Helmet,0.42,207,228,435,388
3237,No Helmet,0.38,215,224,433,416
3238,No Helmet,0.38,215,224,433,416
3239,No Helmet,0.53,219,225,429,361
3239,Safety Glass,0.29,247,295,392,361
3240,No Helmet,0.53,219,225,429,361
3240,Safety Glass,0.29,247,295,392,361
3241,No Helmet,0.48,207,218,434,375
3242,No Helmet,0.48,207,218,434,375
3243,No Helmet,0.58,210,213,425,330
3244,No Helmet,0.57,199,210,420,321
3245,No Helmet,0.57,199,210,420,321
3246,No Helmet,0.64,196,203,421,325
3247,No Helmet,0.64,196,203,421,325
3248,No Helmet,0.52,203,198,410,312
3249,No Helmet,0.52,203,198,410,312
3250,No Helmet,0.45,198,194,404,323
3250,Safety Glass,0.27,210,267,386,337
3251,No Helmet,0.45,198,194,404,323
3251,Safety Glass,0.27,210,267,386,337
3252,No Helmet,0.49,186,188,410,321
3252,Safety Glass,0.3,222,262,376,328
3253,No Helmet,0.49,186,188,410,321
3253,Safety Glass,0.3,222,262,376,328
3254,No Helmet,0.38,184,184,410,349
3255,No Helmet,0.46,183,181,409,351
3256,No Helmet,0.46,183,181,409,351
3257,No Helmet,0.44,185,181,409,350
3258,No Helmet,0.44,185,181,409,350
3259,No Helmet,0.46,186,184,410,343
3260,No Helmet,0.46,186,184,410,343
3261,No Helmet,0.39,190,186,407,348
3262,No Helmet,0.51,189,191,407,334
3262,Safety Glass,0.28,229,258,373,319
3263,No Helmet,0.51,189,191,407,334
3263,Safety Glass,0.28,229,258,373,319
3264,No Helmet,0.49,195,194,398,317
3265,No Helmet,0.49,195,194,398,317
3266,No Helmet,0.39,195,195,399,317
3266,Safety Glass,0.26,218,261,382,323
3267,No Helmet,0.39,195,195,399,317
3267,Safety Glass,0.26,218,261,382,323
3268,No Helmet,0.36,198,197,396,317
3268,Safety Glass,0.3,215,261,376,327
3269,No Helmet,0.4,187,196,402,369
3269,Safety Glass,0.39,214,261,374,326
3270,No Helmet,0.4,187,196,402,369
3270,Safety Glass,0.39,214,261,374,326
3271,No Helmet,0.32,191,198,400,379
3271,Safety Glass,0.3,218,262,372,327
3272,No Helmet,0.32,191,198,400,379
3272,Safety Glass,0.3,218,262,372,327
3273,Safety Glass,0.5,227,264,369,328
3273,No Helmet,0.35,189,200,401,369
3274,Safety Glass,0.5,227,264,369,328
3274,No Helmet,0.35,189,200,401,369
3275,No Helmet,0.48,192,204,396,343
3275,Safety Glass,0.45,219,269,366,336
3276,No Helmet,0.48,192,204,396,343
3276,Safety Glass,0.45,219,269,366,336
3277,No Helmet,0.48,190,206,396,341
3277,Safety Glass,0.39,210,272,362,337
3278,No Helmet,0.48,190,206,396,341
3278,Safety Glass,0.39,210,272,362,337
3279,Safety Glass,0.45,208,272,364,335
3279,No Helmet,0.44,196,207,392,341
3280,No Helmet,0.4,192,208,392,330
3280,Safety Glass,0.3,205,273,367,334
3281,No Helmet,0.4,192,208,392,330
3281,Safety Glass,0.3,205,273,367,334
3282,No Helmet,0.47,190,209,396,349
3282,Safety Glass,0.34,203,275,369,344
3283,No Helmet,0.47,190,209,396,349
3283,Safety Glass,0.34,203,275,369,344
3284,No Helmet,0.48,190,209,397,355
3284,Safety Glass,0.48,203,277,368,342
3285,No Helmet,0.48,190,209,397,355
3285,Safety Glass,0.48,203,277,368,342
3286,No Helmet,0.53,186,209,394,339
3286,Safety Glass,0.48,206,276,366,344
3287,No Helmet,0.53,186,209,394,339
3287,Safety Glass,0.48,206,276,366,344
3288,No Helmet,0.5,185,210,394,349
3288,Safety Glass,0.46,203,277,363,344
3289,No Helmet,0.5,185,210,394,349
3289,Safety Glass,0.46,203,277,363,344
3290,Safety Glass,0.48,203,277,360,344
3290,No Helmet,0.46,184,210,391,347
3291,No Helmet,0.49,182,210,385,318
3291,Safety Glass,0.42,208,278,359,341
3292,No Helmet,0.49,182,210,385,318
3292,Safety Glass,0.42,208,278,359,341
3293,No Helmet,0.52,182,209,386,322
3293,Safety Glass,0.4,209,278,358,341
3294,No Helmet,0.52,182,209,386,322
3294,Safety Glass,0.4,209,278,358,341
3295,Safety Glass,0.5,206,277,357,344
3295,No Helmet,0.46,181,210,387,336
3296,Safety Glass,0.5,206,277,357,344
3296,No Helmet,0.46,181,210,387,336
3297,No Helmet,0.52,179,211,383,323
3297,Safety Glass,0.44,206,276,356,343
3298,No Helmet,0.49,177,211,382,333
3298,Safety Glass,0.38,206,276,358,342
3299,No Helmet,0.49,177,211,382,333
3299,Safety Glass,0.38,206,276,358,342
3300,Safety Glass,0.49,203,276,357,345
3300,No Helmet,0.48,174,210,383,338
3301,Safety Glass,0.49,203,276,357,345
3301,No Helmet,0.48,174,210,383,338
3302,No Helmet,0.46,180,210,381,342
3302,Safety Glass,0.39,207,276,357,344
3303,No Helmet,0.46,180,210,381,342
3303,Safety Glass,0.39,207,276,357,344
3304,No Helmet,0.46,174,210,384,336
3304,Safety Glass,0.42,206,276,356,343
3305,No Helmet,0.43,175,208,382,357
3305,Safety Glass,0.34,205,275,356,344
3306,No Helmet,0.43,175,208,382,357
3306,Safety Glass,0.34,205,275,356,344
3307,No Helmet,0.43,174,206,384,342
3307,Safety Glass,0.34,185,274,350,334
3308,No Helmet,0.43,174,206,384,342
3308,Safety Glass,0.34,185,274,350,334
3309,No Helmet,0.47,173,202,382,319
3309,Safety Glass,0.43,192,273,351,333
3310,No Helmet,0.47,173,202,382,319
3310,Safety Glass,0.43,192,273,351,333
3311,No Helmet,0.41,168,196,385,378
3311,Safety Glass,0.28,186,269,355,336
3312,No Helmet,0.41,168,196,385,378
3312,Safety Glass,0.28,186,269,355,336
3313,No Helmet,0.35,162,192,391,378
3313,Safety Glass,0.29,190,270,355,336
3314,No Helmet,0.35,162,192,391,378
3314,Safety Glass,0.29,190,270,355,336
3315,No Helmet,0.37,167,195,382,318
3315,Safety Glass,0.26,189,270,358,336
3316,No Helmet,0.39,165,188,384,331
3317,No Helmet,0.39,165,188,384,331
3318,No Helmet,0.37,163,185,388,330
3319,No Helmet,0.37,163,185,388,330
3320,No Helmet,0.37,157,185,397,321
3321,No Helmet,0.37,157,185,397,321
3322,No Helmet,0.37,159,182,400,335
3323,No Helmet,0.37,159,182,400,335
3324,No Helmet,0.35,154,182,406,330
3325,No Helmet,0.35,154,182,406,330
3326,No Helmet,0.42,155,183,405,333
3327,No Helmet,0.42,155,183,405,333
3328,No Helmet,0.43,151,180,408,334
3329,No Helmet,0.38,150,178,411,324
3330,No Helmet,0.38,150,178,411,324
3331,No Helmet,0.36,150,176,413,330
3332,No Helmet,0.36,150,176,413,330
3333,No Helmet,0.3,152,175,425,335
3334,No Helmet,0.3,152,175,425,335
3335,No Helmet,0.34,162,176,400,316
3336,No Helmet,0.42,156,172,409,322
3337,No Helmet,0.42,156,172,409,322
3338,No Helmet,0.37,151,172,403,315
3339,No Helmet,0.37,151,172,403,315
3340,No Helmet,0.31,147,170,397,319
3341,No Helmet,0.31,147,170,397,319
3342,No Helmet,0.37,140,169,394,313
3343,No Helmet,0.42,135,170,413,303
3344,No Helmet,0.42,135,170,413,303
3345,No Helmet,0.34,132,168,404,305
3346,No Helmet,0.34,132,168,404,305
3347,No Helmet,0.33,127,168,407,308
3348,No Helmet,0.33,127,168,407,308
3349,No Helmet,0.38,133,166,403,318
3350,No Helmet,0.38,133,166,403,318
3351,No Helmet,0.32,128,165,403,318
3352,No Helmet,0.34,130,162,396,325
3353,No Helmet,0.34,130,162,396,325
3354,No Helmet,0.3,125,162,399,322
3355,No Helmet,0.3,125,162,399,322
3356,No Helmet,0.28,138,160,403,325
3357,No Helmet,0.28,138,160,403,325
3358,No Helmet,0.31,125,158,400,330
3359,No Helmet,0.31,125,158,400,330
3360,No Helmet,0.26,120,156,408,320
3361,No Helmet,0.33,121,156,408,315
3364,No Helmet,0.38,122,154,408,322
3365,No Helmet,0.38,122,154,408,322
3366,No Helmet,0.28,117,154,412,329
3367,No Helmet,0.28,117,154,412,329
3368,No Helmet,0.26,125,152,404,332
3369,No Helmet,0.28,135,152,410,318
3370,No Helmet,0.28,135,152,410,318
3372,No Helmet,0.28,133,151,407,324
3442,No Helmet,0.3,107,144,382,316
3443,No Helmet,0.3,107,144,382,316
3444,No Helmet,0.29,106,143,385,310
3445,No Helmet,0.29,106,143,385,310
3446,No Helmet,0.29,110,142,383,316
3447,No Helmet,0.29,105,140,388,312
3448,No Helmet,0.29,105,140,388,312
3449,No Helmet,0.26,103,140,397,309
3450,No Helmet,0.26,103,140,397,309
3451,No Helmet,0.29,121,145,369,280
3452,No Helmet,0.29,121,145,369,280
3471,No Helmet,0.3,111,141,366,285
3472,No Helmet,0.3,111,141,366,285
3477,No Helmet,0.29,114,142,369,284
3480,No Helmet,0.3,112,143,372,279
3481,No Helmet,0.3,112,143,372,279
3482,No Helmet,0.26,100,139,391,316
3483,No Helmet,0.26,100,139,391,316
3492,No Gloves,0.31,156,341,370,480
3493,No Gloves,0.31,156,341,370,480
3494,No Gloves,0.36,136,341,393,480
3495,No Gloves,0.36,136,341,393,480
3635,No Helmet,0.33,171,169,404,319
3636,No Helmet,0.33,171,169,404,319
3637,No Helmet,0.48,189,187,406,307
3638,No Helmet,0.42,194,195,408,314
3639,No Helmet,0.44,190,201,417,338
3640,No Helmet,0.43,191,206,416,325
3641,No Helmet,0.41,186,206,407,331
3642,No Helmet,0.52,185,204,405,336
3642,Safety Glass,0.34,204,287,367,351
3643,No Helmet,0.52,179,203,406,335
3644,No Helmet,0.51,176,205,405,333
3645,No Helmet,0.43,174,202,401,323
3645,Safety Glass,0.3,201,279,369,344
3646,No Helmet,0.47,174,203,405,326
3646,Safety Glass,0.34,201,278,369,346
3647,No Helmet,0.48,175,201,406,337
3648,No Helmet,0.51,176,204,403,321
3648,Safety Glass,0.3,201,279,368,345
3649,No Helmet,0.51,178,204,404,327
3649,Safety Glass,0.31,203,284,370,352
3650,No Helmet,0.54,178,205,400,330
3650,Safety Glass,0.27,203,280,368,346
3651,No Helmet,0.45,176,205,402,343
3651,Safety Glass,0.28,205,279,366,346
3652,No Helmet,0.5,177,206,401,328
3652,Safety Glass,0.31,208,280,364,344
3653,No Helmet,0.47,173,207,392,329
3653,Safety Glass,0.33,202,280,365,346
3654,No Helmet,0.41,178,207,401,348
3654,Safety Glass,0.34,203,279,363,346
3655,No Helmet,0.48,176,206,400,340
3656,No Helmet,0.48,176,205,399,331
3656,Safety Glass,0.26,210,278,361,345
3657,No Helmet,0.5,178,204,399,339
3658,No Helmet,0.49,178,205,398,340
3659,No Helmet,0.49,176,204,400,333
3660,No Helmet,0.45,173,204,399,346
3661,No Helmet,0.5,170,203,399,344
3662,No Helmet,0.48,172,204,399,332
3663,No Helmet,0.5,172,206,389,334
3664,No Helmet,0.49,171,207,395,336
3665,No Helmet,0.44,170,209,387,328
3666,No Helmet,0.45,171,211,383,327
3667,No Helmet,0.5,171,212,382,333
3667,Safety Glass,0.25,193,287,350,353
3668,No Helmet,0.48,170,212,381,326
3668,Safety Glass,0.28,204,289,345,351
3669,No Helmet,0.55,171,212,381,327
3669,Safety Glass,0.3,199,288,347,353
3670,No Helmet,0.57,169,212,379,323
3671,No Helmet,0.57,168,211,382,326
3671,Safety Glass,0.25,189,289,349,351
3672,No Helmet,0.57,167,212,380,326
3672,Safety Glass,0.28,193,288,348,350
3673,No Helmet,0.52,167,211,379,322
3673,Safety Glass,0.35,185,288,350,351
3674,No Helmet,0.53,167,210,380,324
3674,Safety Glass,0.41,185,287,350,352
3675,No Helmet,0.49,165,211,377,319
3675,Safety Glass,0.35,194,288,347,350
3676,No Helmet,0.51,164,209,377,322
3676,Safety Glass,0.37,192,286,348,351
3677,No Helmet,0.53,161,208,378,326
3677,Safety Glass,0.39,191,287,348,350
3678,No Helmet,0.5,163,208,380,330
3678,Safety Glass,0.42,189,287,348,351
3679,No Helmet,0.5,163,208,380,330
3679,Safety Glass,0.42,189,287,348,351
3680,No Helmet,0.5,161,206,383,332
3680,Safety Glass,0.36,187,286,351,350
3681,No Helmet,0.53,160,206,385,325
3682,No Helmet,0.53,160,206,385,325
3683,No Helmet,0.51,160,206,384,317
3683,Safety Glass,0.32,196,287,350,348
3684,No Helmet,0.51,160,206,384,317
3684,Safety Glass,0.32,196,287,350,348
3685,No Helmet,0.52,160,206,383,317
3686,No Helmet,0.48,161,205,382,323
3687,No Helmet,0.48,161,205,382,323
3688,No Helmet,0.47,163,208,382,324
3688,Safety Glass,0.36,198,288,347,351
3689,No Helmet,0.49,161,206,383,345
3689,Safety Glass,0.29,186,284,349,352
3690,No Helmet,0.49,161,206,383,345
3690,Safety Glass,0.29,186,284,349,352
3691,No Helmet,0.46,157,206,381,338
3691,Safety Glass,0.25,185,277,347,347
3692,No Helmet,0.46,157,206,381,338
3692,Safety Glass,0.25,185,277,347,347
3693,No Helmet,0.46,159,205,375,345
3694,No Helmet,0.48,155,205,372,328
3694,Safety Glass,0.26,172,285,341,354
3695,No Helmet,0.53,156,206,370,332
3696,No Helmet,0.53,156,206,370,332
3697,No Helmet,0.52,149,207,369,328
3698,No Helmet,0.52,149,207,369,328
3699,No Helmet,0.52,153,206,370,320
3699,Safety Glass,0.32,179,286,339,354
3700,No Helmet,0.5,151,206,370,321
3701,No Helmet,0.5,151,206,370,321
3702,No Helmet,0.47,152,207,368,341
3703,No Helmet,0.59,150,209,366,329
3703,Safety Glass,0.32,178,287,334,353
3704,No Helmet,0.54,151,210,365,325
3705,No Helmet,0.54,151,210,365,325
3706,No Helmet,0.6,149,210,364,316
3706,Safety Glass,0.31,189,291,328,352
3707,No Helmet,0.6,149,210,364,316
3707,Safety Glass,0.31,189,291,328,352
3708,No Helmet,0.52,148,207,366,328
3708,Safety Glass,0.28,180,287,334,352
3709,No Helmet,0.48,146,207,366,319
3709,Safety Glass,0.27,176,287,335,353
3710,No Helmet,0.48,143,209,363,325
3710,Safety Glass,0.26,181,289,333,352
3711,No Helmet,0.48,143,209,363,325
3711,Safety Glass,0.26,181,289,333,352
3712,No Helmet,0.54,144,208,365,330
3712,Safety Glass,0.28,180,292,336,359
3713,No Helmet,0.54,144,208,365,330
3713,Safety Glass,0.28,180,292,336,359
3714,No Helmet,0.49,145,208,357,316
3714,Safety Glass,0.39,183,287,332,353
3715,No Helmet,0.49,144,206,359,321
3715,Safety Glass,0.35,182,287,332,354
3716,No Helmet,0.49,144,206,359,321
3716,Safety Glass,0.35,182,287,332,354
3717,No Helmet,0.46,143,203,361,359
3718,No Helmet,0.53,143,203,358,349
3718,Safety Glass,0.27,179,283,315,345
3719,No Helmet,0.53,143,203,358,349
3719,Safety Glass,0.27,179,283,315,345
3720,No Helmet,0.49,141,203,359,348
3720,Safety Glass,0.29,173,288,319,355
3721,No Helmet,0.49,141,203,359,348
3721,Safety Glass,0.29,173,288,319,355
3722,No Helmet,0.48,141,205,360,337
3723,No Helmet,0.46,141,204,367,390
3724,No Helmet,0.47,139,211,371,354
3725,No Helmet,0.47,139,211,371,354
3726,No Helmet,0.47,150,219,368,353
3727,No Helmet,0.47,150,219,368,353
3728,No Helmet,0.57,151,224,370,341
3729,No Helmet,0.57,151,224,370,341
3730,No Helmet,0.34,143,215,387,411
3731,No Helmet,0.28,140,215,396,389
3737,No Helmet,0.26,144,215,397,410
3738,No Helmet,0.26,144,215,397,410
3741,No Helmet,0.35,137,217,408,415
3742,No Helmet,0.35,137,217,408,415
3743,No Helmet,0.45,149,222,369,341
3744,No Helmet,0.41,152,219,366,338
3745,No Helmet,0.48,143,211,372,372
3746,No Helmet,0.48,143,211,372,372
3747,No Helmet,0.47,151,209,363,330
3748,No Helmet,0.47,151,209,363,330
3749,No Helmet,0.53,146,209,364,333
3750,No Helmet,0.53,146,209,364,333
3751,No Helmet,0.51,145,206,367,332
3752,No Helmet,0.51,145,206,367,332
3753,No Helmet,0.58,143,204,368,324
3754,No Helmet,0.58,143,204,368,324
3755,No Helmet,0.5,143,203,368,312
3756,No Helmet,0.51,143,200,368,348
3757,No Helmet,0.51,143,200,368,348
3758,No Helmet,0.56,143,200,370,325
3759,No Helmet,0.56,143,200,370,325
3760,No Helmet,0.48,141,199,373,355
3761,No Helmet,0.48,141,199,373,355
3762,No Helmet,0.48,139,199,371,352
3763,No Helmet,0.44,139,200,363,346
3764,No Helmet,0.44,139,200,363,346
3765,No Helmet,0.47,136,199,370,354
3766,No Helmet,0.47,136,199,370,354
3767,No Helmet,0.44,140,198,361,347
3767,Safety Glass,0.32,155,276,329,348
3768,No Helmet,0.44,140,198,361,347
3768,Safety Glass,0.32,155,276,329,348
3769,No Helmet,0.39,139,198,359,358
3769,Safety Glass,0.35,164,275,323,349
3770,No Helmet,0.48,139,198,360,358
3770,Safety Glass,0.34,156,277,314,348
3771,No Helmet,0.48,139,198,360,358
3771,Safety Glass,0.34,156,277,314,348
3772,No Helmet,0.42,141,197,359,364
3772,Safety Glass,0.27,157,278,316,347
3773,No Helmet,0.42,141,197,359,364
3773,Safety Glass,0.27,157,278,316,347
3774,No Helmet,0.46,140,197,360,361
3775,No Helmet,0.46,140,197,360,361
3776,No Helmet,0.46,136,197,359,349
3777,No Helmet,0.46,136,197,359,349
3778,No Helmet,0.49,136,198,357,348
3778,Safety Glass,0.28,170,278,311,347
3779,No Helmet,0.49,136,198,357,348
3779,Safety Glass,0.28,170,278,311,347
3780,No Helmet,0.49,136,197,358,366
3781,No Helmet,0.48,132,195,361,346
3782,No Helmet,0.48,132,195,361,346
3783,No Helmet,0.52,132,194,360,357
3784,No Helmet,0.52,132,194,360,357
3785,No Helmet,0.48,132,193,359,359
3786,No Helmet,0.48,132,193,359,359
3787,No Helmet,0.5,132,192,362,362
3788,No Helmet,0.5,132,192,362,362
3789,No Helmet,0.48,134,191,359,369
3790,No Helmet,0.48,134,191,359,369
3791,No Helmet,0.44,135,191,360,365
3792,No Helmet,0.49,134,191,358,363
3793,No Helmet,0.49,134,191,358,363
3794,No Helmet,0.47,135,193,357,368
3795,No Helmet,0.47,135,193,357,368
3796,No Helmet,0.5,133,193,358,366
3797,No Helmet,0.5,133,193,358,366
3798,No Helmet,0.4,133,194,360,366
3798,Safety Glass,0.29,157,274,319,347
3799,No Helmet,0.38,132,192,361,369
3800,No Helmet,0.38,132,192,361,369
3801,No Helmet,0.47,134,193,360,353
3802,No Helmet,0.47,134,193,360,353
3803,No Helmet,0.5,136,194,361,364
3803,Safety Glass,0.28,153,274,320,348
3804,No Helmet,0.5,136,194,361,364
3804,Safety Glass,0.28,153,274,320,348
3805,No Helmet,0.39,135,193,365,363
3806,No Helmet,0.39,135,193,365,363
3807,No Helmet,0.34,142,196,357,308
3807,Safety Glass,0.3,164,275,311,347
3808,No Helmet,0.4,135,195,374,371
3809,No Helmet,0.4,135,195,374,371
3810,No Helmet,0.43,136,195,379,352
3811,No Helmet,0.43,136,195,379,352
3812,No Helmet,0.46,148,195,375,363
3813,No Helmet,0.46,148,195,375,363
3814,No Helmet,0.44,148,195,377,356
3815,No Helmet,0.44,148,195,377,356
3816,No Helmet,0.49,153,196,376,350
3817,No Helmet,0.5,153,196,376,359
3818,No Helmet,0.5,153,196,376,359
3819,No Helmet,0.5,155,197,375,343
3820,No Helmet,0.5,155,197,375,343
3821,No Helmet,0.46,154,198,375,340
3822,No Helmet,0.46,154,198,375,340
3823,No Helmet,0.53,157,197,375,346
3824,No Helmet,0.53,157,197,375,346
3825,No Helmet,0.52,156,197,376,345
3825,Safety Glass,0.37,175,275,342,348
3826,No Helmet,0.52,156,197,376,345
3826,Safety Glass,0.37,175,275,342,348
3827,No Helmet,0.55,157,199,378,337
3827,Safety Glass,0.28,170,277,344,349
3828,No Helmet,0.55,157,199,378,337
3828,Safety Glass,0.28,170,277,344,349
3829,No Helmet,0.54,157,200,376,327
3830,No Helmet,0.53,157,199,378,336
3831,No Helmet,0.53,157,199,378,336
3832,No Helmet,0.48,158,200,375,317
3832,Safety Glass,0.27,177,278,342,346
3833,No Helmet,0.48,158,200,375,317
3833,Safety Glass,0.27,177,278,342,346
3834,No Helmet,0.46,154,199,384,334
3835,No Helmet,0.46,154,199,384,334
3836,No Helmet,0.45,159,201,374,312
3837,No Helmet,0.46,158,202,378,326
3838,No Helmet,0.46,158,202,378,326
3839,No Helmet,0.51,156,201,377,319
3840,No Helmet,0.51,156,201,377,319
3841,No Helmet,0.51,156,202,383,317
3842,No Helmet,0.51,156,202,383,317
3843,No Helmet,0.48,160,201,376,325
3843,Safety Glass,0.25,171,278,342,348
3844,No Helmet,0.48,156,201,379,333
3844,Safety Glass,0.27,174,279,343,347
3845,No Helmet,0.48,156,201,379,333
3845,Safety Glass,0.27,174,279,343,347
3846,No Helmet,0.5,159,202,374,320
3847,No Helmet,0.5,159,202,374,320
3848,No Helmet,0.49,158,202,377,319
3848,Safety Glass,0.27,170,280,343,347
3849,No Helmet,0.49,158,202,377,319
3849,Safety Glass,0.27,170,280,343,347
3850,No Helmet,0.51,157,201,377,319
3850,Safety Glass,0.31,174,279,340,347
3851,No Helmet,0.51,157,201,377,319
3851,Safety Glass,0.31,174,279,340,347
3852,No Helmet,0.49,158,202,374,315
3853,No Helmet,0.5,154,199,378,328
3853,Safety Glass,0.28,169,279,344,347
3854,No Helmet,0.5,154,199,378,328
3854,Safety Glass,0.28,169,279,344,347
3855,No Helmet,0.41,158,202,375,327
3856,No Helmet,0.41,158,202,375,327
3857,No Helmet,0.47,156,200,375,330
3857,Safety Glass,0.37,173,278,340,347
3858,No Helmet,0.47,156,200,375,330
3858,Safety Glass,0.37,173,278,340,347
3859,No Helmet,0.47,158,198,375,355
3859,Safety Glass,0.28,169,278,344,349
3860,No Helmet,0.47,158,198,375,355
3860,Safety Glass,0.28,169,278,344,349
3861,No Helmet,0.43,158,201,373,331
3861,Safety Glass,0.32,176,279,340,349
3862,No Helmet,0.43,158,201,373,331
3862,Safety Glass,0.32,176,279,340,349
3863,No Helmet,0.48,158,201,376,346
3864,No Helmet,0.48,158,201,376,346
3865,No Helmet,0.48,156,198,375,325
3865,Safety Glass,0.27,175,279,341,347
3866,No Helmet,0.57,156,202,372,312
3866,Safety Glass,0.37,185,279,338,347
3867,No Helmet,0.57,156,202,372,312
3867,Safety Glass,0.37,185,279,338,347
3868,No Helmet,0.5,155,199,376,338
3869,No Helmet,0.5,155,199,376,338
3870,No Helmet,0.49,158,201,375,328
3870,Safety Glass,0.34,176,278,341,349
3871,No Helmet,0.49,158,201,375,328
3871,Safety Glass,0.34,176,278,341,349
3872,No Helmet,0.44,156,201,373,318
3872,Safety Glass,0.27,182,279,339,347
3873,No Helmet,0.52,158,201,373,329
3873,Safety Glass,0.28,174,278,340,348
3874,No Helmet,0.52,158,201,373,329
3874,Safety Glass,0.28,174,278,340,348
3875,No Helmet,0.49,156,203,374,309
3876,No Helmet,0.49,156,203,374,309
3877,No Helmet,0.49,154,200,374,334
3877,Safety Glass,0.27,178,277,339,348
3878,No Helmet,0.49,154,200,374,334
3878,Safety Glass,0.27,178,277,339,348
3879,No Helmet,0.55,156,203,374,325
3879,Safety Glass,0.25,174,282,343,356
3880,No Helmet,0.55,156,203,374,325
3880,Safety Glass,0.25,174,282,343,356
3881,No Helmet,0.53,154,200,376,324
3881,Safety Glass,0.32,179,278,339,347
3882,No Helmet,0.46,157,204,372,319
3883,No Helmet,0.46,157,204,372,319
3884,No Helmet,0.52,158,202,372,333
3885,No Helmet,0.52,158,202,372,333
3886,No Helmet,0.51,158,201,372,335
3887,No Helmet,0.51,158,201,372,335
3888,No Helmet,0.54,157,203,373,325
3888,Safety Glass,0.26,173,278,337,348
3889,No Helmet,0.51,156,202,372,328
3889,Safety Glass,0.32,185,282,328,346
3890,No Helmet,0.51,156,202,372,328
3890,Safety Glass,0.32,185,282,328,346
3891,No Helmet,0.54,157,202,373,323
3892,No Helmet,0.54,157,202,373,323
3893,No Helmet,0.51,155,202,374,320
3894,No Helmet,0.51,155,202,374,320
3895,No Helmet,0.6,155,203,373,312
3896,No Helmet,0.6,155,203,373,312
3897,No Helmet,0.54,156,203,373,320
3898,No Helmet,0.54,156,203,373,320
3899,No Helmet,0.54,156,201,371,323
3900,No Helmet,0.54,156,201,371,323
3901,No Helmet,0.55,155,202,375,314
3902,No Helmet,0.49,159,202,372,322
3903,No Helmet,0.49,159,202,372,322
3904,No Helmet,0.48,156,203,372,317
3905,No Helmet,0.48,156,203,372,317
3906,No Helmet,0.46,157,201,373,325
3906,Safety Glass,0.27,174,278,341,348
3907,No Helmet,0.49,156,200,372,323
3908,No Helmet,0.53,157,199,375,335
3908,Safety Glass,0.33,173,277,341,346
3909,No Helmet,0.53,157,199,375,335
3909,Safety Glass,0.33,173,277,341,346
3910,No Helmet,0.51,156,199,375,350
3910,Safety Glass,0.3,169,277,343,348
3911,No Helmet,0.51,156,199,375,350
3911,Safety Glass,0.3,169,277,343,348
3912,No Helmet,0.51,156,199,375,350
3912,Safety Glass,0.3,169,277,343,348
3913,No Helmet,0.42,157,200,376,328
3913,Safety Glass,0.27,177,277,342,348
3914,No Helmet,0.49,155,200,378,323
3914,Safety Glass,0.3,170,278,342,347
3915,No Helmet,0.49,155,200,378,323
3915,Safety Glass,0.3,170,278,342,347
3916,No Helmet,0.47,157,200,376,321
3916,Safety Glass,0.27,170,278,342,347
3917,No Helmet,0.47,157,200,376,321
3917,Safety Glass,0.27,170,278,342,347
3918,No Helmet,0.47,154,197,384,340
3919,No Helmet,0.46,155,196,386,357
3920,No Helmet,0.46,155,196,386,357
3921,No Helmet,0.49,154,199,386,324
3922,No Helmet,0.51,157,198,386,330
3923,No Helmet,0.51,157,198,386,330
3924,No Helmet,0.55,154,198,384,317
3925,No Helmet,0.55,154,198,384,317
3926,No Helmet,0.55,153,197,388,327
3927,No Helmet,0.55,153,197,388,327
3928,No Helmet,0.44,158,200,377,318
3928,Safety Glass,0.25,174,279,343,348
3929,No Helmet,0.52,153,198,385,332
3929,Safety Glass,0.26,175,278,342,348
3930,No Helmet,0.52,153,198,385,332
3930,Safety Glass,0.26,175,278,342,348
3931,No Helmet,0.44,155,197,382,340
3931,Safety Glass,0.31,175,277,342,349
3932,No Helmet,0.49,155,196,383,364
3932,Safety Glass,0.29,175,278,340,348
3933,No Helmet,0.49,155,196,383,364
3933,Safety Glass,0.29,175,278,340,348
3934,No Helmet,0.51,158,199,375,353
3934,Safety Glass,0.3,174,277,340,348
3935,No Helmet,0.57,156,200,375,321
3935,Safety Glass,0.31,170,279,343,348
3936,No Helmet,0.57,156,200,375,321
3936,Safety Glass,0.31,170,279,343,348
3937,No Helmet,0.52,157,200,373,321
3937,Safety Glass,0.29,172,277,340,348
3938,No Helmet,0.51,156,202,375,319
3938,Safety Glass,0.26,183,282,329,346
3939,No Helmet,0.51,156,202,375,319
3939,Safety Glass,0.26,183,282,329,346
3940,No Helmet,0.51,156,205,373,323
3941,No Helmet,0.55,157,209,369,323
3942,No Helmet,0.55,157,209,369,323
3943,No Helmet,0.42,159,211,370,323
3944,No Helmet,0.42,159,211,370,323
3945,No Helmet,0.46,151,212,383,349
3946,No Helmet,0.46,151,212,383,349
3947,No Helmet,0.52,156,215,382,346
3948,No Helmet,0.45,152,216,385,336
3949,No Helmet,0.45,152,216,385,336
3950,No Helmet,0.29,135,214,411,373
3953,No Helmet,0.29,144,214,415,410
3954,No Helmet,0.29,144,214,415,410
3955,No Helmet,0.3,144,213,413,412
3960,No Helmet,0.27,159,214,389,374
3961,No Helmet,0.27,159,214,389,374
3962,No Helmet,0.31,158,211,391,379
3963,No Helmet,0.31,158,211,391,379
3964,No Helmet,0.33,151,211,396,378
3965,No Helmet,0.33,151,211,396,378
3967,No Helmet,0.28,153,207,397,391
3968,No Helmet,0.28,153,207,397,391
3969,No Helmet,0.34,144,204,402,372
3970,No Helmet,0.34,144,204,402,372
3971,No Helmet,0.41,161,208,376,323
3972,No Helmet,0.41,161,208,376,323
3973,No Helmet,0.49,157,208,371,316
3974,No Helmet,0.5,146,204,374,328
3975,No Helmet,0.5,146,204,374,328
3976,No Helmet,0.53,147,203,374,333
3977,No Helmet,0.53,147,203,374,333
3978,No Helmet,0.52,141,201,375,329
3979,No Helmet,0.52,141,201,375,329
3980,No Helmet,0.44,131,196,381,342
3981,No Helmet,0.43,129,197,379,335
3982,No Helmet,0.43,129,197,379,335
3983,No Helmet,0.38,128,196,379,344
3984,No Helmet,0.38,128,196,379,344
3985,No Helmet,0.36,136,195,367,329
3986,No Helmet,0.36,136,195,367,329
3987,No Helmet,0.4,134,198,365,344
3988,No Helmet,0.4,134,198,365,344
3989,No Helmet,0.42,129,196,367,346
3990,No Helmet,0.42,129,196,367,346
3991,No Helmet,0.38,132,195,368,341
3992,No Helmet,0.49,130,194,363,336
3993,No Helmet,0.49,130,194,363,336
3994,No Helmet,0.36,125,189,363,348
3995,No Helmet,0.36,125,189,363,348
3996,No Helmet,0.36,125,188,361,355
3996,Safety Glass,0.26,155,276,321,342
3997,No Helmet,0.36,125,188,361,355
3997,Safety Glass,0.26,155,276,321,342
3998,No Helmet,0.27,125,186,355,370
3999,No Helmet,0.27,125,186,355,370
4000,No Helmet,0.3,128,191,348,363
4001,No Helmet,0.3,128,191,348,363
4002,No Helmet,0.31,127,194,346,356
4003,No Helmet,0.37,131,197,344,337
4004,No Helmet,0.37,131,197,344,337
4005,No Helmet,0.35,130,201,333,320
4006,No Helmet,0.35,130,201,333,320
4007,No Helmet,0.32,131,205,334,310
4008,No Helmet,0.32,131,205,334,310
4009,No Helmet,0.29,134,205,339,332
4010,No Helmet,0.29,134,205,339,332
4011,No Helmet,0.37,136,208,336,306
4012,No Helmet,0.41,134,208,338,310
4012,Safety Glass,0.25,162,276,312,337
4013,No Helmet,0.41,134,208,338,310
4013,Safety Glass,0.25,162,276,312,337
4014,No Helmet,0.39,136,210,339,309
4014,Safety Glass,0.31,171,279,308,335
4015,No Helmet,0.39,136,210,339,309
4015,Safety Glass,0.31,171,279,308,335
4016,Safety Glass,0.42,170,278,307,336
4016,No Helmet,0.37,132,211,333,302
4017,Safety Glass,0.42,170,278,307,336
4017,No Helmet,0.37,132,211,333,302
4018,No Helmet,0.42,139,210,337,304
4018,Safety Glass,0.41,170,278,308,337
4019,No Helmet,0.36,133,211,333,306
4019,Safety Glass,0.3,167,280,309,340
4020,No Helmet,0.36,133,211,333,306
4020,Safety Glass,0.3,167,280,309,340
4021,No Helmet,0.4,135,212,331,308
4022,No Helmet,0.4,135,212,331,308
4023,No Helmet,0.37,135,213,331,302
4024,No Helmet,0.37,135,213,331,302
4025,No Helmet,0.45,141,213,334,312
4026,No Helmet,0.45,141,213,334,312
4027,No Helmet,0.34,137,213,333,308
4028,No Helmet,0.29,138,212,338,334
4029,No Helmet,0.29,138,212,338,334
4030,No Helmet,0.41,138,213,337,318
4031,No Helmet,0.41,138,213,337,318
4032,No Helmet,0.4,134,212,333,328
4032,Safety Glass,0.27,156,286,311,348
4033,No Helmet,0.4,134,212,333,328
4033,Safety Glass,0.27,156,286,311,348
4034,No Helmet,0.35,127,213,353,380
4034,Safety Glass,0.33,156,287,313,348
4035,No Helmet,0.35,127,213,353,380
4035,Safety Glass,0.33,156,287,313,348
4036,No Helmet,0.42,127,213,355,386
4036,Safety Glass,0.33,157,287,317,347
4037,No Helmet,0.42,127,213,355,386
4037,Safety Glass,0.33,157,287,317,347
4038,Safety Glass,0.44,170,289,311,345
4038,No Helmet,0.4,141,216,334,311
4039,No Helmet,0.42,133,216,345,346
4039,Safety Glass,0.36,167,289,313,346
4040,No Helmet,0.42,133,216,345,346
4040,Safety Glass,0.36,167,289,313,346
4041,No Helmet,0.36,132,219,341,368
4041,Safety Glass,0.34,166,289,311,347
4042,No Helmet,0.36,132,219,341,368
4042,Safety Glass,0.34,166,289,311,347
4043,No Helmet,0.54,131,217,351,359
4043,Safety Glass,0.29,169,289,309,348
4044,No Helmet,0.54,131,217,351,359
4044,Safety Glass,0.29,169,289,309,348
4045,No Helmet,0.46,127,214,356,380
4046,No Helmet,0.46,127,214,356,380
4047,No Helmet,0.63,127,214,353,360
4048,No Helmet,0.62,136,211,345,328
4049,No Helmet,0.62,136,211,345,328
4050,No Helmet,0.56,133,209,346,340
4051,No Helmet,0.56,133,209,346,340
4052,No Helmet,0.54,134,208,350,331
4053,No Helmet,0.54,134,208,350,331
4054,No Helmet,0.54,134,204,353,340
4055,No Helmet,0.56,135,202,356,337
4055,Safety Glass,0.26,159,286,321,351
4056,No Helmet,0.56,135,202,356,337
4056,Safety Glass,0.26,159,286,321,351
4057,No Helmet,0.53,136,201,355,338
4058,No Helmet,0.53,136,201,355,338
4059,No Helmet,0.54,136,199,358,348
4060,No Helmet,0.54,136,199,358,348
4061,No Helmet,0.5,138,199,359,325
4062,No Helmet,0.5,138,199,359,325
4063,No Helmet,0.48,138,199,359,321
4064,No Helmet,0.48,140,201,359,333
4064,Safety Glass,0.26,170,278,323,341
4065,No Helmet,0.48,140,201,359,333
4065,Safety Glass,0.26,170,278,323,341
4066,No Helmet,0.52,139,203,358,320
4067,No Helmet,0.52,139,203,358,320
4068,No Helmet,0.59,141,204,359,325
4069,No Helmet,0.59,141,204,359,325
4070,No Helmet,0.5,143,205,356,319
4071,No Helmet,0.5,143,205,356,319
4072,No Helmet,0.57,139,203,359,336
4073,No Helmet,0.57,139,203,359,336
4074,No Helmet,0.51,140,204,358,331
4075,No Helmet,0.5,140,203,360,328
4076,No Helmet,0.5,140,203,360,328
4077,No Helmet,0.5,140,205,356,320
4078,No Helmet,0.5,140,205,356,320
4079,No Helmet,0.51,139,204,359,327
4079,Safety Glass,0.35,166,285,323,354
4080,No Helmet,0.51,139,204,359,327
4080,Safety Glass,0.35,166,285,323,354
4081,No Helmet,0.44,140,204,357,345
4082,No Helmet,0.44,140,204,357,345
4083,No Helmet,0.49,139,204,359,343
4084,No Helmet,0.49,141,204,357,324
4085,No Helmet,0.49,141,204,357,324
4086,No Helmet,0.5,141,204,358,338
4087,No Helmet,0.5,141,204,358,338
4088,No Helmet,0.46,139,204,358,344
4089,No Helmet,0.46,139,204,358,344
4090,No Helmet,0.53,140,204,360,329
4090,Safety Glass,0.32,176,287,322,353
4091,No Helmet,0.53,140,204,360,329
4091,Safety Glass,0.32,176,287,322,353
4092,No Helmet,0.51,142,204,358,342
4093,No Helmet,0.47,142,204,355,333
4094,No Helmet,0.47,142,204,355,333
4095,No Helmet,0.52,138,205,358,331
4096,No Helmet,0.52,138,205,358,331
4097,No Helmet,0.49,141,205,358,330
4098,No Helmet,0.49,141,205,358,330
4099,No Helmet,0.44,139,204,358,322
4100,No Helmet,0.45,140,205,357,329
4101,No Helmet,0.45,140,205,357,329
4102,No Helmet,0.48,139,206,356,324
4103,No Helmet,0.48,139,206,356,324
4104,No Helmet,0.47,137,205,357,328
4105,No Helmet,0.47,137,205,357,328
4106,No Helmet,0.53,140,206,356,323
4107,No Helmet,0.53,140,206,356,323
4108,No Helmet,0.5,141,208,354,318
4109,No Helmet,0.5,141,208,354,318
4110,No Helmet,0.53,142,207,355,331
4111,No Helmet,0.52,140,209,355,323
4112,No Helmet,0.52,140,209,355,323
4113,No Helmet,0.47,143,207,356,330
4114,No Helmet,0.47,143,207,356,330
4115,No Helmet,0.57,141,208,356,323
4116,No Helmet,0.57,141,208,356,323
4117,No Helmet,0.44,142,208,354,323
4118,No Helmet,0.44,142,208,354,323
4119,No Helmet,0.52,144,209,354,318
4120,No Helmet,0.52,144,209,354,318
4121,No Helmet,0.53,142,209,355,329
4122,No Helmet,0.44,141,210,355,322
4123,No Helmet,0.47,144,210,355,326
4124,No Helmet,0.47,144,210,355,326
4125,No Helmet,0.56,143,210,354,322
4126,No Helmet,0.52,142,210,355,321
4127,No Helmet,0.52,142,210,355,321
4128,No Helmet,0.53,141,210,354,327
4129,No Helmet,0.53,142,211,354,320
4130,No Helmet,0.56,142,211,352,316
4131,No Helmet,0.56,142,211,352,316
4132,No Helmet,0.52,143,211,350,320
4132,Safety Glass,0.25,180,291,306,348
4133,No Helmet,0.52,143,211,350,320
4133,Safety Glass,0.25,180,291,306,348
4134,No Helmet,0.53,143,211,351,314
4135,No Helmet,0.57,142,210,351,325
4136,No Helmet,0.57,142,210,351,325
4137,No Helmet,0.64,141,211,350,321
4138,No Helmet,0.59,141,212,351,314
4139,No Helmet,0.59,141,212,351,314
4140,No Helmet,0.57,132,209,361,387
4141,No Helmet,0.57,132,209,361,387
4142,No Helmet,0.54,132,210,360,386
4143,No Helmet,0.61,142,212,348,321
4144,No Helmet,0.61,142,212,348,321
4145,No Helmet,0.56,131,211,360,386
4146,No Helmet,0.55,137,212,361,374
4147,No Helmet,0.55,137,212,361,374
4148,No Helmet,0.49,144,213,344,323
4149,No Helmet,0.49,144,213,344,323
4150,No Helmet,0.51,140,220,351,357
4151,No Helmet,0.56,142,222,350,353
4152,No Helmet,0.5,143,224,346,351
4153,No Helmet,0.5,143,224,346,351
4154,No Helmet,0.43,143,227,344,340
4155,No Helmet,0.43,143,227,344,340
4156,No Helmet,0.36,144,227,342,337
4157,No Helmet,0.36,144,227,342,337
4158,Safety Glass,0.38,161,303,315,362
4158,No Helmet,0.32,141,227,337,326
4158,No Gloves,0.28,89,331,169,446
4159,No Helmet,0.42,139,227,336,325
4159,Safety Glass,0.38,169,304,312,361
4159,No Gloves,0.28,333,365,401,477
4160,No Helmet,0.42,139,227,336,325
4160,Safety Glass,0.38,169,304,312,361
4160,No Gloves,0.28,333,365,401,477
4161,Safety Glass,0.35,163,303,314,362
4161,No Helmet,0.34,140,227,337,325
4161,No Gloves,0.28,334,375,402,479
4162,Safety Glass,0.36,176,300,305,354
4162,No Helmet,0.35,138,226,337,326
4162,No Gloves,0.28,332,378,402,479
4163,Safety Glass,0.36,176,300,305,354
4163,No Helmet,0.35,138,226,337,326
4163,No Gloves,0.28,332,378,402,479
4164,No Helmet,0.47,138,226,335,326
4165,No Helmet,0.51,135,224,340,333
4165,Safety Glass,0.26,161,302,316,363
4166,No Helmet,0.51,135,224,340,333
4166,Safety Glass,0.26,161,302,316,363
4167,No Helmet,0.42,134,224,340,340
4167,Safety Glass,0.3,169,296,308,356
4167,No Gloves,0.27,78,330,160,458
4168,No Helmet,0.32,133,222,335,349
4168,No Gloves,0.27,80,335,160,459
4169,No Helmet,0.32,133,222,335,349
4169,No Gloves,0.27,80,335,160,459
4170,No Helmet,0.37,132,224,337,337
4171,No Helmet,0.37,132,224,337,337
4172,No Helmet,0.37,130,223,338,340
4173,No Helmet,0.37,130,223,338,340
4174,No Helmet,0.44,129,223,338,330
4175,No Helmet,0.45,128,223,338,339
4175,No Gloves,0.25,75,354,153,469
4176,No Helmet,0.43,128,223,338,335
4176,No Gloves,0.29,71,355,152,471
4177,No Helmet,0.43,128,223,338,335
4177,No Gloves,0.29,71,355,152,471
4178,No Helmet,0.45,129,222,338,339
4178,Safety Glass,0.31,165,298,302,355
4179,No Helmet,0.49,128,223,339,330
4180,No Helmet,0.49,128,223,339,330
4181,No Helmet,0.41,128,224,336,324
4181,Safety Glass,0.4,166,299,299,354
4182,No Helmet,0.41,128,224,336,324
4182,Safety Glass,0.4,166,299,299,354
4183,No Helmet,0.4,127,222,336,331
4183,Safety Glass,0.35,161,298,302,354
4184,No Helmet,0.45,128,222,336,326
4184,Safety Glass,0.39,167,299,298,353
4185,No Helmet,0.47,127,223,337,325
4185,Safety Glass,0.32,154,302,305,360
4186,No Helmet,0.47,127,223,337,325
4186,Safety Glass,0.32,154,302,305,360
4187,No Helmet,0.49,125,222,338,323
4187,Safety Glass,0.42,164,298,299,353
4188,No Helmet,0.49,125,222,338,323
4188,Safety Glass,0.42,164,298,299,353
4189,No Helmet,0.45,126,221,337,328
4189,Safety Glass,0.25,151,296,304,355
4190,No Helmet,0.45,126,221,337,328
4190,Safety Glass,0.25,151,296,304,355
4191,No Helmet,0.45,126,220,338,338
4192,No Helmet,0.47,126,221,338,336
4192,Safety Glass,0.29,148,296,304,356
4193,No Helmet,0.45,124,221,339,335
4194,No Helmet,0.45,124,221,339,335
4195,No Helmet,0.49,125,220,339,333
4195,Safety Glass,0.25,151,296,306,353
4196,No Helmet,0.49,125,220,339,333
4196,Safety Glass,0.25,151,296,306,353
4197,No Helmet,0.44,123,218,339,331
4197,Safety Glass,0.32,149,296,304,354
4198,No Helmet,0.53,124,218,340,331
4198,Safety Glass,0.28,145,295,307,356
4199,No Helmet,0.49,121,219,340,342
4199,No Gloves,0.3,67,355,146,469
4200,No Helmet,0.49,121,219,340,342
4200,No Gloves,0.3,67,355,146,469
4201,No Helmet,0.49,121,220,334,337
4202,No Helmet,0.49,121,220,334,337
4203,No Helmet,0.45,121,218,337,354
4204,No Helmet,0.5,119,220,338,347
4205,No Helmet,0.44,120,219,337,353
4206,No Helmet,0.44,120,219,337,353
4207,No Helmet,0.43,122,219,336,371
4208,No Helmet,0.43,122,219,336,371
4209,No Helmet,0.52,121,220,335,342
4209,No Gloves,0.34,81,329,159,433
4210,No Helmet,0.52,121,220,335,342
4210,No Gloves,0.34,81,329,159,433
4211,No Helmet,0.4,120,219,337,367
4212,No Helmet,0.43,121,217,340,369
4213,No Helmet,0.43,121,217,340,369
4214,No Helmet,0.5,120,218,339,353
4215,No Helmet,0.49,129,216,328,308
4216,No Helmet,0.49,129,216,328,308
4217,No Helmet,0.49,130,218,327,307
4218,No Helmet,0.46,129,218,329,308
4219,No Helmet,0.46,129,218,329,308
4220,No Helmet,0.58,128,217,326,306
4221,No Helmet,0.53,128,216,326,309
4222,No Helmet,0.53,128,216,326,309
4223,No Helmet,0.54,126,215,330,313
4224,No Helmet,0.54,126,215,330,313
4225,No Helmet,0.6,127,215,327,309
4226,No Helmet,0.54,124,215,329,308
4226,No Gloves,0.27,314,354,438,479
4227,No Helmet,0.54,124,215,329,308
4227,No Gloves,0.27,314,354,438,479
4228,No Helmet,0.56,126,215,329,309
4229,No Helmet,0.58,124,215,330,310
4230,No Helmet,0.58,124,215,330,310
4231,No Helmet,0.54,125,215,327,310
4232,No Helmet,0.56,124,213,330,321
4233,No Helmet,0.56,124,213,330,321
4234,No Helmet,0.55,123,213,329,324
4235,No Helmet,0.55,123,213,329,324
4236,No Helmet,0.51,124,212,331,339
4237,No Helmet,0.51,124,212,331,339
4238,No Helmet,0.55,123,211,333,325
4239,No Helmet,0.56,122,210,335,320
4240,No Helmet,0.56,122,210,335,320
4241,No Helmet,0.54,122,209,336,330
4242,No Helmet,0.55,121,209,334,315
4243,No Helmet,0.55,121,209,334,315
4244,No Helmet,0.58,122,210,336,319
4244,Safety Glass,0.27,147,286,309,352
4245,No Helmet,0.57,124,210,335,313
4245,Safety Glass,0.33,147,286,306,351
4246,No Helmet,0.57,124,210,335,313
4246,Safety Glass,0.33,147,286,306,351
4247,No Helmet,0.5,123,209,334,316
4247,Safety Glass,0.3,146,286,306,353
4248,No Helmet,0.5,123,209,334,316
4248,Safety Glass,0.3,146,286,306,353
4249,No Helmet,0.57,124,210,332,316
4250,No Helmet,0.57,124,210,332,316
4251,No Helmet,0.52,121,210,329,323
4252,No Helmet,0.52,121,210,329,323
4253,No Helmet,0.47,116,209,332,339
4253,Safety Glass,0.34,144,286,295,353
4254,No Helmet,0.47,116,209,332,339
4254,Safety Glass,0.34,144,286,295,353
4255,No Helmet,0.44,114,210,328,331
4255,Safety Glass,0.3,148,286,293,351
4256,No Helmet,0.48,109,210,319,317
4256,Safety Glass,0.31,127,287,291,348
4257,No Helmet,0.48,109,210,319,317
4257,Safety Glass,0.31,127,287,291,348
4258,No Helmet,0.43,109,210,319,318
4258,Safety Glass,0.26,136,282,288,338
4259,No Helmet,0.43,109,210,319,318
4259,Safety Glass,0.26,136,282,288,338
4260,No Helmet,0.48,108,210,317,309
4261,No Helmet,0.48,108,210,317,309
4262,No Helmet,0.46,105,208,321,311
4263,No Helmet,0.46,105,208,321,311
4264,No Helmet,0.42,105,206,320,315
4265,No Helmet,0.42,105,206,320,315
4266,No Helmet,0.44,104,205,320,314
4266,Safety Glass,0.26,141,282,279,338
4267,No Helmet,0.43,102,202,326,319
4267,Safety Glass,0.26,137,280,283,340
4268,No Helmet,0.43,102,202,326,319
4268,Safety Glass,0.26,137,280,283,340
4269,No Helmet,0.44,106,200,329,337
4270,No Helmet,0.44,106,200,329,337
4271,No Helmet,0.41,109,198,323,355
4272,No Helmet,0.41,109,198,323,355
4273,No Helmet,0.4,108,198,326,359
4274,No Helmet,0.35,109,197,324,336
4275,No Helmet,0.35,109,197,324,336
4276,No Helmet,0.43,109,197,325,345
4277,No Helmet,0.43,109,197,325,345
4278,No Helmet,0.38,110,200,325,334
4279,No Helmet,0.38,110,200,325,334
4280,No Helmet,0.4,109,201,324,334
4281,No Helmet,0.46,110,201,325,335
4281,Safety Glass,0.26,136,280,289,343
4282,No Helmet,0.46,110,201,325,335
4282,Safety Glass,0.26,136,280,289,343
4283,No Helmet,0.4,111,201,325,340
4284,No Helmet,0.4,111,201,325,340
4285,No Helmet,0.34,109,201,326,349
4286,No Helmet,0.34,109,201,326,349
4287,No Helmet,0.43,109,203,324,342
4288,No Helmet,0.43,109,203,324,342
4289,No Helmet,0.37,111,204,323,322
4290,No Helmet,0.37,111,204,323,322
4291,No Helmet,0.38,112,203,321,330
4292,No Helmet,0.41,109,200,330,336
4292,Safety Glass,0.26,145,277,297,341
4293,No Helmet,0.41,109,200,330,336
4293,Safety Glass,0.26,145,277,297,341
4294,No Helmet,0.47,109,203,326,336
4295,No Helmet,0.47,109,203,326,336
4296,No Helmet,0.5,109,203,322,310
4297,No Helmet,0.5,109,203,322,310
4298,No Helmet,0.45,106,202,325,313
4299,No Helmet,0.45,106,202,325,313
4300,No Helmet,0.4,104,203,322,317
4300,Safety Glass,0.28,141,281,276,340
4301,No Helmet,0.4,104,203,322,317
4301,Safety Glass,0.28,141,281,276,340
4302,No Helmet,0.43,102,202,323,324
4302,Safety Glass,0.25,126,279,282,340
4303,No Helmet,0.46,99,202,325,327
4304,No Helmet,0.46,99,202,325,327
4305,No Helmet,0.41,101,201,322,341
4306,No Helmet,0.41,101,201,322,341
4307,No Helmet,0.43,98,201,319,324
4307,Safety Glass,0.27,127,279,285,339
4308,No Helmet,0.43,98,201,319,324
4308,Safety Glass,0.27,127,279,285,339
4309,No Helmet,0.4,100,200,318,325
4310,No Helmet,0.38,98,200,321,327
4311,No Helmet,0.38,98,200,321,327
4312,No Helmet,0.39,100,198,321,333
4312,Safety Glass,0.25,123,279,288,342
4313,No Helmet,0.39,100,198,321,333
4313,Safety Glass,0.25,123,279,288,342
4314,No Helmet,0.42,100,199,320,344
4315,No Helmet,0.42,100,199,320,344
4316,No Helmet,0.47,103,199,321,337
4317,No Helmet,0.46,104,199,324,339
4318,No Helmet,0.46,104,199,324,339
4319,No Helmet,0.49,107,198,325,347
4320,No Helmet,0.49,107,198,325,347
4321,No Helmet,0.51,108,199,327,341
4321,Safety Glass,0.31,121,277,292,342
4322,No Helmet,0.51,108,199,327,341
4322,Safety Glass,0.31,121,277,292,342
4323,No Helmet,0.38,110,197,327,346
4323,Safety Glass,0.3,125,278,292,340
4324,No Helmet,0.38,110,197,327,346
4324,Safety Glass,0.3,125,278,292,340
4325,No Helmet,0.42,110,199,328,347
4326,No Helmet,0.42,110,199,328,347
4327,No Helmet,0.41,111,202,326,326
4328,No Helmet,0.35,108,200,334,333
4329,No Helmet,0.35,108,200,334,333
4330,No Helmet,0.39,111,200,334,336
4331,No Helmet,0.39,111,200,334,336
4332,No Helmet,0.4,116,201,335,320
4333,No Helmet,0.4,116,201,335,320
4334,No Helmet,0.48,117,200,336,339
4335,No Helmet,0.48,117,200,336,339
4336,No Helmet,0.51,117,201,335,329
4337,No Helmet,0.51,117,201,335,329
4338,No Helmet,0.46,122,202,335,329
4339,No Helmet,0.46,122,202,335,329
4340,No Helmet,0.5,124,200,337,337
4341,No Helmet,0.41,126,201,339,337
4341,Safety Glass,0.31,140,277,313,341
4342,No Helmet,0.41,126,201,339,337
4342,Safety Glass,0.31,140,277,313,341
4343,No Helmet,0.44,128,201,342,367
4344,No Helmet,0.44,128,201,342,367
4345,No Helmet,0.52,120,201,349,345
4346,No Helmet,0.52,120,201,349,345
4347,No Helmet,0.49,124,200,345,346
4348,No Helmet,0.5,126,201,340,323
4349,No Helmet,0.5,126,201,340,323
4350,No Helmet,0.44,126,202,339,322
4351,No Helmet,0.44,126,202,339,322
4352,No Helmet,0.46,128,200,339,362
4353,No Helmet,0.46,128,200,339,362
4354,No Helmet,0.46,127,200,342,345
4355,No Helmet,0.49,123,198,348,361
4356,No Helmet,0.49,123,198,348,361
4357,No Helmet,0.44,124,199,343,352
4358,No Helmet,0.44,124,199,343,352
4359,No Helmet,0.48,121,198,345,348
4360,No Helmet,0.48,121,198,345,348
4361,No Helmet,0.45,125,198,340,359
4362,No Helmet,0.45,125,198,340,359
4363,No Helmet,0.46,123,200,345,336
4363,Safety Glass,0.33,145,273,307,333
4364,No Helmet,0.46,121,196,343,372
4365,No Helmet,0.46,121,196,343,372
4366,No Helmet,0.47,121,198,340,358
4366,Safety Glass,0.28,150,274,296,334
4367,No Helmet,0.47,121,198,340,358
4367,Safety Glass,0.28,150,274,296,334
4368,No Helmet,0.53,117,198,340,355
4369,No Helmet,0.53,117,198,340,355
4370,No Helmet,0.48,116,197,338,376
4371,No Helmet,0.48,116,197,338,376
4372,No Helmet,0.45,113,197,340,373
4372,Safety Glass,0.25,139,277,305,343
4373,No Helmet,0.45,113,197,340,373
4373,Safety Glass,0.25,139,277,305,343
4374,No Helmet,0.44,110,197,339,359
4374,Safety Glass,0.29,155,276,296,335
4375,No Helmet,0.44,110,197,339,359
4375,Safety Glass,0.29,155,276,296,335
4376,No Helmet,0.35,108,195,339,366
4376,Safety Glass,0.33,150,275,298,335
4377,No Helmet,0.31,108,193,345,371
4377,Safety Glass,0.3,155,275,295,335
4378,No Helmet,0.31,108,193,345,371
4378,Safety Glass,0.3,155,275,295,335
4379,No Helmet,0.3,103,194,344,375
4380,No Helmet,0.3,103,194,344,375
4381,No Helmet,0.3,119,196,325,310
4382,No Helmet,0.3,119,196,325,310
4383,Safety Glass,0.31,147,273,296,336
4383,No Helmet,0.29,104,192,337,375
4384,Safety Glass,0.38,152,273,295,337
4384,No Helmet,0.35,115,196,322,308
4385,Safety Glass,0.38,152,273,295,337
4385,No Helmet,0.35,115,196,322,308
4386,Safety Glass,0.3,146,272,298,335
4386,No Helmet,0.29,105,193,341,377
4387,Safety Glass,0.3,146,272,298,335
4387,No Helmet,0.29,105,193,341,377
4388,Safety Glass,0.31,145,272,297,334
4388,No Helmet,0.3,106,191,337,373
4389,Safety Glass,0.31,145,272,297,334
4389,No Helmet,0.3,106,191,337,373
4390,No Helmet,0.3,117,195,322,303
4391,No Helmet,0.41,119,195,323,306
4392,No Helmet,0.41,119,195,323,306
4393,No Helmet,0.28,107,191,340,378
4394,No Helmet,0.28,107,191,340,378
4395,No Helmet,0.3,119,196,323,309
4396,No Helmet,0.29,110,190,336,378
4397,No Helmet,0.38,118,196,321,300
4398,No Helmet,0.38,118,196,321,300
4399,No Helmet,0.34,117,195,322,304
4400,No Helmet,0.34,117,195,322,304
4402,No Helmet,0.38,115,196,317,306
4402,Safety Glass,0.27,143,271,297,338
4403,No Helmet,0.38,115,196,317,306
4403,Safety Glass,0.27,143,271,297,338
4404,No Helmet,0.4,118,196,320,307
4405,No Helmet,0.4,118,196,320,307
4406,No Helmet,0.41,103,190,335,375
4407,No Helmet,0.44,116,196,321,310
4408,No Helmet,0.44,116,196,321,310
4409,No Helmet,0.31,119,195,318,306
4410,No Helmet,0.34,119,196,320,303
4410,Safety Glass,0.27,142,274,287,333
4411,No Helmet,0.34,119,196,320,303
4411,Safety Glass,0.27,142,274,287,333
4412,No Helmet,0.41,120,196,322,300
4412,Safety Glass,0.3,147,271,295,335
4413,No Helmet,0.43,120,196,318,296
4413,Safety Glass,0.35,149,273,295,332
4414,No Helmet,0.43,120,196,318,296
4414,Safety Glass,0.35,149,273,295,332
4415,Safety Glass,0.37,153,274,293,333
4415,No Helmet,0.28,110,193,337,370
4416,No Helmet,0.29,120,196,318,296
4417,Safety Glass,0.38,155,275,293,331
4417,No Helmet,0.36,122,197,318,296
4418,Safety Glass,0.38,155,275,293,331
4418,No Helmet,0.36,122,197,318,296
4419,Safety Glass,0.38,155,275,292,332
4419,No Helmet,0.37,122,197,318,295
4420,Safety Glass,0.38,155,275,292,332
4420,No Helmet,0.37,122,197,318,295
4421,No Helmet,0.36,121,197,319,303
4421,Safety Glass,0.33,148,273,296,335
4422,No Helmet,0.36,121,197,319,303
4422,Safety Glass,0.33,148,273,296,335
4423,No Helmet,0.31,110,195,327,371
4423,Safety Glass,0.28,142,278,290,340
4424,No Helmet,0.38,106,196,327,344
4424,Safety Glass,0.29,124,276,291,343
4425,No Helmet,0.41,106,197,324,359
4425,Safety Glass,0.29,126,279,284,343
4426,No Helmet,0.41,106,197,324,359
4426,Safety Glass,0.29,126,279,284,343
4427,No Helmet,0.43,102,195,323,351
4427,Safety Glass,0.27,122,279,288,342
4428,No Helmet,0.43,102,195,323,351
4428,Safety Glass,0.27,122,279,288,342
4429,No Helmet,0.39,98,196,323,339
4429,Safety Glass,0.34,129,279,283,342
4430,No Helmet,0.39,98,196,323,339
4430,Safety Glass,0.34,129,279,283,342
4431,No Helmet,0.4,95,197,320,345
4431,Safety Glass,0.25,131,277,280,344
4432,No Helmet,0.4,92,199,309,326
4433,No Helmet,0.45,89,199,312,328
4433,Safety Glass,0.25,121,281,268,344
4434,No Helmet,0.45,89,199,312,328
4434,Safety Glass,0.25,121,281,268,344
4435,No Helmet,0.42,92,200,310,330
4436,No Helmet,0.42,92,200,310,330
4437,No Helmet,0.42,91,200,309,311
4437,Safety Glass,0.39,118,279,274,342
4438,No Helmet,0.42,91,200,309,311
4438,Safety Glass,0.39,118,279,274,342
4439,No Helmet,0.5,94,200,309,335
4439,Safety Glass,0.32,110,279,274,343
4440,No Helmet,0.36,95,201,309,336
4440,Safety Glass,0.27,120,278,283,344
4441,No Helmet,0.36,95,201,309,336
4441,Safety Glass,0.27,120,278,283,344
4442,No Helmet,0.42,102,200,323,329
4442,Safety Glass,0.3,129,277,280,331
4443,No Helmet,0.38,110,200,322,326
4443,Safety Glass,0.26,131,279,295,340
4444,No Helmet,0.43,120,200,319,313
4445,No Helmet,0.43,120,200,319,313
4446,No Helmet,0.41,115,199,329,320
4447,No Helmet,0.41,115,199,329,320
4448,No Helmet,0.41,118,198,329,340
4449,No Helmet,0.41,118,198,329,340
4450,No Helmet,0.38,115,198,332,351
4451,No Helmet,0.36,132,198,326,317
4452,No Helmet,0.36,132,198,326,317
4453,No Helmet,0.34,131,197,327,333
4454,No Helmet,0.34,131,197,327,333
4455,No Helmet,0.4,129,198,328,319
4456,No Helmet,0.42,132,197,328,326
4457,No Helmet,0.42,132,197,328,326
4458,No Helmet,0.47,133,197,330,321
4459,No Helmet,0.47,133,197,330,321
4460,No Helmet,0.43,135,197,326,322
4461,No Helmet,0.37,135,200,324,310
4462,No Helmet,0.37,135,200,324,310
4463,No Helmet,0.45,136,202,324,313
4464,No Helmet,0.45,136,202,324,313
4465,No Helmet,0.47,129,197,338,367
4466,No Helmet,0.47,129,197,338,367
4467,No Helmet,0.5,126,200,331,366
4467,No Gloves,0.3,43,240,160,348
4468,No Helmet,0.5,126,200,331,366
4468,No Gloves,0.3,43,240,160,348
4469,No Helmet,0.44,124,201,337,361
4470,No Helmet,0.44,124,201,337,361
4471,No Helmet,0.37,126,201,336,349
4471,No Gloves,0.3,40,237,158,349
4472,No Helmet,0.46,126,201,337,375
4472,Safety Golves,0.26,431,287,519,403
4473,No Helmet,0.46,126,201,337,375
4473,Safety Golves,0.26,431,287,519,403
4474,No Helmet,0.4,126,202,337,341
4475,No Helmet,0.4,126,202,337,341
4476,No Helmet,0.48,126,202,338,337
4477,No Helmet,0.48,126,202,338,337
4478,No Helmet,0.4,127,200,336,371
4479,No Helmet,0.48,128,201,336,339
4480,No Helmet,0.48,128,201,336,339
4481,No Helmet,0.4,127,200,337,375
4482,No Helmet,0.4,127,200,337,375
4483,No Helmet,0.45,127,199,337,368
4484,No Helmet,0.45,127,199,337,368
4485,No Helmet,0.46,130,199,337,373
4486,No Helmet,0.44,127,200,338,357
4487,No Helmet,0.44,127,200,338,357
4488,No Helmet,0.42,129,200,336,354
4489,No Helmet,0.42,129,200,336,354
4490,No Helmet,0.4,126,200,336,350
4491,No Helmet,0.4,126,200,336,350
4492,No Helmet,0.46,129,200,336,347
4493,No Helmet,0.46,129,200,336,347
4494,No Helmet,0.53,130,199,331,338
4495,No Helmet,0.53,130,199,331,338
4496,No Helmet,0.47,127,198,336,375
4497,No Helmet,0.55,129,201,336,365
4498,No Helmet,0.55,129,201,336,365
4499,No Helmet,0.53,136,197,330,345
4500,No Helmet,0.53,136,197,330,345
4501,No Helmet,0.44,125,200,333,309
4502,No Helmet,0.44,125,200,333,309
4503,No Helmet,0.47,124,198,332,325
4504,No Helmet,0.42,126,200,331,324
4505,No Helmet,0.49,122,198,332,333
4506,No Helmet,0.49,122,198,332,333
4507,No Helmet,0.41,124,199,336,351
4508,No Helmet,0.41,124,199,336,351
4509,No Helmet,0.4,125,198,339,370
4510,No Helmet,0.4,125,198,339,370
4511,No Helmet,0.53,126,200,333,321
4512,No Helmet,0.45,124,199,335,356
4513,No Helmet,0.45,124,199,335,356
4514,No Helmet,0.5,119,199,339,372
4515,No Helmet,0.45,127,198,333,355
4515,No Gloves,0.25,54,251,160,370
4516,No Helmet,0.4,128,202,330,345
4516,No Gloves,0.26,72,255,156,364
4517,No Helmet,0.4,128,202,330,345
4517,No Gloves,0.26,72,255,156,364
4518,No Helmet,0.38,126,200,331,355
4519,No Helmet,0.38,126,200,331,355
4520,No Helmet,0.42,133,201,331,347
4520,No Gloves,0.26,74,253,156,367
4521,No Helmet,0.42,133,201,331,347
4521,No Gloves,0.26,74,253,156,367
4522,No Helmet,0.4,132,201,329,339
4522,No Gloves,0.26,73,257,156,369
4523,No Helmet,0.4,132,201,329,339
4523,No Gloves,0.26,73,257,156,369
4524,No Helmet,0.44,128,200,331,338
4525,No Helmet,0.44,128,200,331,338
4526,No Helmet,0.52,132,201,330,337
4527,No Helmet,0.37,133,202,328,340
4527,No Gloves,0.29,59,260,158,369
4528,No Helmet,0.44,130,201,329,350
4529,No Helmet,0.44,130,201,329,350
4530,No Helmet,0.4,126,202,336,354
4530,No Gloves,0.27,53,258,160,370
4531,No Helmet,0.4,126,202,336,354
4531,No Gloves,0.27,53,258,160,370
4532,No Helmet,0.43,131,201,331,338
4532,No Gloves,0.25,65,263,159,369
4533,No Helmet,0.43,131,201,331,338
4533,No Gloves,0.25,65,263,159,369
4534,No Helmet,0.43,128,201,334,339
4535,No Helmet,0.42,127,201,331,336
4535,No Gloves,0.29,58,259,159,370
4536,No Helmet,0.4,124,200,329,319
4537,No Helmet,0.4,124,200,329,319
4538,No Helmet,0.4,126,200,335,344
4538,No Gloves,0.3,60,259,158,370
4539,No Helmet,0.4,126,200,335,344
4539,No Gloves,0.3,60,259,158,370
4540,No Helmet,0.43,128,200,333,365
4540,No Gloves,0.32,62,257,158,370
4541,No Helmet,0.36,127,200,334,360
4542,No Helmet,0.36,127,200,334,360
4543,No Helmet,0.48,121,200,333,316
4543,No Gloves,0.29,51,255,158,370
4544,No Helmet,0.42,121,200,336,345
4544,No Gloves,0.3,47,251,158,370
4545,No Helmet,0.42,123,199,330,349
4545,No Gloves,0.27,58,247,156,369
4546,No Helmet,0.42,123,199,330,349
4546,No Gloves,0.27,58,247,156,369
4547,No Helmet,0.38,123,200,327,347
4547,No Gloves,0.27,53,253,157,371
4548,No Helmet,0.38,123,200,327,347
4548,No Gloves,0.27,53,253,157,371
4549,No Helmet,0.42,120,198,329,366
4550,No Helmet,0.4,121,198,333,368
4550,No Gloves,0.32,61,257,154,371
4551,No Helmet,0.38,122,198,331,361
4551,No Gloves,0.32,51,259,156,376
4552,No Helmet,0.38,122,198,331,361
4552,No Gloves,0.32,51,259,156,376
4553,No Helmet,0.37,121,198,333,365
4553,No Gloves,0.28,59,257,155,371
4554,No Helmet,0.37,121,198,333,365
4554,No Gloves,0.28,59,257,155,371
4555,No Helmet,0.41,124,198,331,367
4556,No Helmet,0.41,124,198,331,367
4557,No Helmet,0.41,123,198,327,358
4557,No Gloves,0.28,56,258,156,371
4558,No Helmet,0.41,123,198,327,358
4558,No Gloves,0.28,56,258,156,371
4559,No Helmet,0.38,121,197,332,370
4559,No Gloves,0.29,59,257,155,371
4560,No Helmet,0.38,121,197,332,370
4560,No Gloves,0.29,59,257,155,371
4561,No Helmet,0.45,123,197,332,365
4561,No Gloves,0.31,61,257,155,371
4562,No Helmet,0.4,122,196,334,371
4563,No Helmet,0.4,122,196,334,371
4564,No Helmet,0.35,124,198,335,381
4564,No Gloves,0.33,44,258,160,380
4565,No Helmet,0.35,124,198,335,381
4565,No Gloves,0.33,44,258,160,380
4566,No Helmet,0.44,122,196,332,369
4566,No Gloves,0.28,54,254,156,372
4567,No Helmet,0.44,122,196,332,369
4567,No Gloves,0.28,54,254,156,372
4568,No Helmet,0.43,124,197,333,377
4568,No Gloves,0.28,42,258,161,385
4569,No Helmet,0.43,124,197,333,377
4569,No Gloves,0.28,42,258,161,385
4570,No Helmet,0.35,123,196,333,382
4570,No Gloves,0.26,58,254,156,373
4571,No Helmet,0.42,118,196,337,374
4571,No Gloves,0.28,46,258,159,382
4572,No Helmet,0.42,118,196,337,374
4572,No Gloves,0.28,46,258,159,382
4573,No Helmet,0.46,116,197,335,362
4574,No Helmet,0.46,116,197,335,362
4575,No Helmet,0.46,118,196,332,374
4575,No Gloves,0.25,59,256,155,375
4576,No Helmet,0.46,118,196,332,374
4576,No Gloves,0.25,59,256,155,375
4577,No Helmet,0.39,118,195,332,380
4578,No Helmet,0.41,120,195,332,383
4578,No Gloves,0.27,47,258,159,383
4579,No Helmet,0.41,120,195,332,383
4579,No Gloves,0.27,47,258,159,383
4580,No Helmet,0.39,118,196,331,374
4580,No Gloves,0.29,57,259,158,382
4581,No Helmet,0.39,118,196,331,374
4581,No Gloves,0.29,57,259,158,382
4582,No Helmet,0.48,118,195,333,353
4582,Safety Glass,0.27,148,273,295,334
4582,No Gloves,0.26,48,258,158,382
4583,No Helmet,0.48,118,195,333,353
4583,Safety Glass,0.27,148,273,295,334
4583,No Gloves,0.26,48,258,158,382
4584,No Helmet,0.39,117,194,332,379
4584,No Gloves,0.29,49,257,158,388
4585,No Helmet,0.39,117,194,332,379
4585,No Gloves,0.29,49,257,158,388
4586,No Helmet,0.42,119,196,330,365
4586,No Gloves,0.28,60,256,154,375
4587,No Helmet,0.39,119,195,333,378
4587,No Gloves,0.29,45,258,158,383
4588,No Helmet,0.39,119,195,333,378
4588,No Gloves,0.29,45,258,158,383
4589,No Helmet,0.43,126,198,323,298
4589,No Gloves,0.26,56,253,155,379
4590,No Helmet,0.43,126,198,323,298
4590,No Gloves,0.26,56,253,155,379
4591,No Helmet,0.43,115,194,333,375
4592,No Helmet,0.43,115,194,333,375
4593,No Helmet,0.37,117,194,331,370
4593,Safety Glass,0.33,150,274,297,335
4593,No Gloves,0.28,45,258,158,382
4594,No Helmet,0.37,117,194,331,370
4594,Safety Glass,0.33,150,274,297,335
4594,No Gloves,0.28,45,258,158,382
4595,No Helmet,0.35,118,195,330,368
4596,No Helmet,0.35,118,195,330,368
4597,No Helmet,0.34,117,194,333,375
4598,No Helmet,0.43,113,194,336,367
4598,No Gloves,0.28,54,256,153,373
4599,No Helmet,0.43,113,194,336,367
4599,No Gloves,0.28,54,256,153,373
4600,No Helmet,0.42,124,198,318,295
4601,No Helmet,0.42,124,198,318,295
4602,No Helmet,0.39,115,195,333,363
4602,Safety Glass,0.27,156,273,294,335
4603,No Helmet,0.39,115,195,333,363
4603,Safety Glass,0.27,156,273,294,335
4604,No Helmet,0.4,122,198,320,296
4605,No Helmet,0.4,122,198,320,296
4606,No Helmet,0.36,112,195,330,363
4606,Safety Glass,0.26,159,273,293,337
4607,No Helmet,0.36,112,195,330,363
4607,Safety Glass,0.26,159,273,293,337
4608,No Helmet,0.4,114,193,332,377
4609,No Helmet,0.4,122,197,319,306
4609,No Gloves,0.28,45,260,147,380
4610,No Helmet,0.4,122,197,319,306
4610,No Gloves,0.28,45,260,147,380
4611,No Helmet,0.31,113,193,329,377
4611,No Gloves,0.26,63,254,152,377
4612,No Helmet,0.31,113,193,329,377
4612,No Gloves,0.26,63,254,152,377
4613,No Helmet,0.3,123,197,316,298
4614,No Helmet,0.3,123,197,316,298
4615,No Helmet,0.33,124,198,316,295
4616,No Helmet,0.37,114,193,327,381
4617,No Helmet,0.37,114,193,327,381
4618,No Helmet,0.4,115,194,327,377
4619,No Helmet,0.4,115,194,327,377
4620,No Helmet,0.37,116,194,329,378
4621,No Helmet,0.37,116,194,329,378
4622,No Helmet,0.42,115,195,327,381
4622,No Gloves,0.26,62,258,153,375
4623,No Helmet,0.39,113,195,328,366
4623,Safety Glass,0.28,157,273,294,337
4624,No Helmet,0.39,113,195,328,366
4624,Safety Glass,0.28,157,273,294,337
4625,No Helmet,0.42,111,196,332,358
4625,No Gloves,0.25,386,315,491,473
4626,No Helmet,0.42,111,196,332,358
4626,No Gloves,0.25,386,315,491,473
4627,No Helmet,0.38,115,194,331,371
4627,No Gloves,0.3,48,260,157,384
4628,No Helmet,0.38,115,194,331,371
4628,No Gloves,0.3,48,260,157,384
4629,No Helmet,0.4,113,195,331,369
4629,No Gloves,0.3,47,261,158,382
4630,No Helmet,0.4,113,195,331,369
4630,No Gloves,0.3,47,261,158,382
4631,No Helmet,0.49,119,197,336,369
4631,No Gloves,0.25,45,261,158,385
4632,No Helmet,0.49,119,197,336,369
4632,No Gloves,0.25,45,261,158,385
4633,No Helmet,0.41,119,197,336,375
4633,No Gloves,0.29,56,260,156,382
4634,No Helmet,0.42,122,196,334,378
4634,No Gloves,0.33,46,261,159,384
4635,No Helmet,0.42,122,196,334,378
4635,No Gloves,0.33,46,261,159,384
4636,No Helmet,0.43,121,196,335,364
4636,No Gloves,0.28,386,317,488,474
4636,No Gloves,0.28,47,262,158,384
4637,No Helmet,0.43,121,196,335,364
4637,No Gloves,0.28,386,317,488,474
4637,No Gloves,0.28,47,262,158,384
4638,No Helmet,0.45,120,197,334,369
4639,No Helmet,0.45,120,197,334,369
4640,No Helmet,0.38,120,196,334,364
4640,No Gloves,0.33,57,263,156,381
4641,No Helmet,0.38,120,196,334,364
4641,No Gloves,0.33,57,263,156,381
4642,No Helmet,0.4,120,197,334,365
4642,No Gloves,0.31,54,261,156,381
4643,No Helmet,0.4,120,197,334,365
4643,No Gloves,0.31,54,261,156,381
4644,No Gloves,0.38,58,265,154,381
4644,No Helmet,0.35,124,197,334,362
4645,No Helmet,0.41,123,197,337,370
4645,No Gloves,0.33,50,262,157,382
4646,No Helmet,0.41,123,197,337,370
4646,No Gloves,0.33,50,262,157,382
4647,No Helmet,0.41,122,197,335,353
4647,No Gloves,0.31,46,262,159,384
4648,No Helmet,0.41,122,197,335,353
4648,No Gloves,0.31,46,262,159,384
4649,No Gloves,0.35,50,263,155,380
4649,No Helmet,0.3,124,197,333,345
4650,No Gloves,0.35,50,263,155,380
4650,No Helmet,0.3,124,197,333,345
4651,No Helmet,0.36,122,197,338,372
4651,No Gloves,0.3,47,260,157,380
4652,No Helmet,0.38,122,196,334,357
4652,No Gloves,0.27,43,262,158,382
4653,No Helmet,0.38,122,196,334,357
4653,No Gloves,0.27,43,262,158,382
4654,No Helmet,0.36,120,196,336,371
4654,No Gloves,0.27,50,261,157,382
4655,No Helmet,0.36,120,196,336,371
4655,No Gloves,0.27,50,261,157,382
4656,No Helmet,0.36,121,195,336,378
4656,No Gloves,0.34,50,260,157,381
4657,No Helmet,0.36,121,195,336,378
4657,No Gloves,0.34,50,260,157,381
4658,No Helmet,0.4,120,197,334,347
4658,No Gloves,0.29,53,262,155,380
4659,No Helmet,0.46,117,197,338,370
4660,No Helmet,0.46,117,197,338,370
4661,No Helmet,0.42,119,195,335,333
4661,No Gloves,0.3,54,261,154,381
4662,No Helmet,0.42,119,195,335,333
4662,No Gloves,0.3,54,261,154,381
4663,No Helmet,0.38,117,194,339,374
4664,No Helmet,0.38,117,194,339,374
4665,No Helmet,0.39,127,198,322,295
4665,No Gloves,0.27,48,261,158,386
4666,No Helmet,0.39,127,198,322,295
4666,No Gloves,0.27,48,261,158,386
4667,No Helmet,0.34,118,195,336,365
4667,No Gloves,0.28,47,265,148,384
4668,No Helmet,0.34,118,195,336,365
4668,No Gloves,0.28,47,265,148,384
4669,No Helmet,0.34,119,194,333,370
4669,No Gloves,0.32,63,263,149,373
4670,No Helmet,0.4,116,195,332,361
4670,No Gloves,0.27,49,264,156,387
4671,No Helmet,0.4,116,195,332,361
4671,No Gloves,0.27,49,264,156,387
4672,No Helmet,0.4,126,198,320,292
4672,Safety Glass,0.34,156,274,297,334
4672,No Gloves,0.32,54,267,154,385
4673,No Helmet,0.4,126,198,320,292
4673,Safety Glass,0.34,156,274,297,334
4673,No Gloves,0.32,54,267,154,385
4674,No Helmet,0.49,126,199,319,289
4674,No Gloves,0.33,52,267,152,384
4675,No Helmet,0.49,126,199,319,289
4675,No Gloves,0.33,52,267,152,384
4676,No Helmet,0.38,114,195,332,340
4676,No Gloves,0.26,46,263,157,390
4677,No Helmet,0.38,114,195,332,340
4677,No Gloves,0.26,46,263,157,390
4678,No Helmet,0.4,113,196,334,352
4678,No Gloves,0.29,48,264,153,386
4679,No Helmet,0.4,113,196,334,352
4679,No Gloves,0.29,48,264,153,386
4680,No Helmet,0.44,125,198,320,293
4680,No Gloves,0.29,45,263,157,387
4680,No Gloves,0.26,385,319,488,477
4681,No Helmet,0.44,125,198,320,293
4681,No Gloves,0.29,45,263,157,387
4681,No Gloves,0.26,385,319,488,477
4682,No Helmet,0.38,124,198,320,294
4682,No Gloves,0.33,44,262,146,385
4683,No Helmet,0.34,122,197,322,297
4683,No Gloves,0.26,46,261,145,385
4684,No Helmet,0.34,122,197,322,297
4684,No Gloves,0.26,46,261,145,385
4685,No Helmet,0.41,121,197,321,298
4685,No Gloves,0.28,43,263,146,388
4686,No Helmet,0.41,121,197,321,298
4686,No Gloves,0.28,43,263,146,388
4687,No Helmet,0.39,123,198,320,295
4687,Safety Glass,0.31,162,273,292,332
4687,No Gloves,0.25,52,261,159,388
4688,No Helmet,0.39,123,198,320,295
4688,Safety Glass,0.31,162,273,292,332
4688,No Gloves,0.25,52,261,159,388
4689,No Helmet,0.42,124,197,322,297
4689,No Gloves,0.27,46,262,145,384
4689,No Gloves,0.26,386,317,491,477
4690,No Helmet,0.44,121,196,323,298
4690,No Gloves,0.31,47,262,145,387
4691,No Helmet,0.44,121,196,323,298
4691,No Gloves,0.31,47,262,145,387
4692,No Helmet,0.37,123,196,318,294
4692,No Gloves,0.34,46,261,155,387
4693,No Helmet,0.37,123,196,318,294
4693,No Gloves,0.34,46,261,155,387
4694,No Helmet,0.39,122,196,318,302
4694,No Gloves,0.29,48,261,145,383
4695,No Helmet,0.39,122,196,318,302
4695,No Gloves,0.29,48,261,145,383
4696,No Helmet,0.35,123,196,315,297
4696,No Gloves,0.25,44,262,146,386
4697,No Helmet,0.48,124,197,320,291
4697,No Gloves,0.32,51,265,152,385
4698,No Helmet,0.42,124,196,320,297
4698,No Gloves,0.28,47,264,145,384
4699,No Helmet,0.42,124,196,320,297
4699,No Gloves,0.28,47,264,145,384
4700,No Helmet,0.44,125,197,319,292
4700,No Gloves,0.33,45,262,156,386
4701,No Helmet,0.44,125,197,319,292
4701,No Gloves,0.33,45,262,156,386
4702,No Helmet,0.42,125,197,321,292
4702,No Gloves,0.33,45,262,155,386
4703,No Helmet,0.36,116,194,337,373
4704,No Helmet,0.35,130,199,318,290
4704,No Gloves,0.33,45,263,158,386
4704,Safety Glass,0.25,148,271,308,336
4705,No Helmet,0.35,130,199,318,290
4705,No Gloves,0.33,45,263,158,386
4705,Safety Glass,0.25,148,271,308,336
4706,No Helmet,0.42,119,196,336,353
4706,No Gloves,0.26,48,262,155,389
4707,No Helmet,0.42,119,196,336,353
4707,No Gloves,0.26,48,262,155,389
4708,No Helmet,0.4,119,196,335,367
4708,No Gloves,0.27,42,264,159,392
4709,No Helmet,0.47,120,198,335,324
4709,No Gloves,0.44,56,266,155,386
4709,No Gloves,0.28,393,323,500,476
4710,No Helmet,0.37,124,197,334,361
4710,No Gloves,0.36,55,267,156,384
4711,No Helmet,0.37,124,197,334,361
4711,No Gloves,0.36,55,267,156,384
4712,No Helmet,0.39,121,196,335,367
4712,No Gloves,0.37,51,268,157,385
4712,Safety Glass,0.26,138,275,315,343
4713,No Helmet,0.39,121,196,335,367
4713,No Gloves,0.37,51,268,157,385
4713,Safety Glass,0.26,138,275,315,343
4714,No Helmet,0.44,122,198,338,357
4714,No Gloves,0.36,59,267,158,385
4715,No Helmet,0.44,122,198,338,357
4715,No Gloves,0.36,59,267,158,385
4716,No Gloves,0.38,59,268,158,385
4716,No Helmet,0.33,123,198,333,357
4717,No Helmet,0.45,124,199,335,343
4717,No Gloves,0.37,48,267,158,386
4718,No Helmet,0.42,119,198,332,342
4718,No Gloves,0.34,59,267,158,385
4719,No Helmet,0.42,119,198,332,342
4719,No Gloves,0.34,59,267,158,385
4720,No Helmet,0.46,121,199,339,345
4721,No Helmet,0.52,120,199,338,353
4722,No Helmet,0.52,120,199,338,353
4723,No Helmet,0.52,115,200,336,320
4723,Safety Glass,0.29,152,278,301,338
4724,No Helmet,0.4,106,197,335,367
4724,Safety Glass,0.32,139,278,305,341
4725,No Helmet,0.4,106,197,335,367
4725,Safety Glass,0.32,139,278,305,341
4726,No Helmet,0.51,111,199,326,352
4726,Safety Glass,0.37,143,274,296,335
4727,No Helmet,0.5,110,199,327,332
4728,No Helmet,0.5,110,199,327,332
4729,No Helmet,0.42,100,198,326,341
4729,Safety Glass,0.29,123,277,293,343
4730,No Helmet,0.42,100,198,326,341
4730,Safety Glass,0.29,123,277,293,343
4731,No Helmet,0.47,96,197,313,356
4731,Safety Glass,0.31,125,272,279,335
4732,No Helmet,0.41,80,198,311,365
4733,No Helmet,0.41,80,198,311,365
4734,No Helmet,0.46,77,200,307,340
4734,Safety Glass,0.31,111,281,269,343
4735,No Helmet,0.46,77,200,307,340
4735,Safety Glass,0.31,111,281,269,343
4736,No Helmet,0.43,76,202,296,326
4736,Safety Glass,0.29,109,284,270,352
4737,No Helmet,0.44,78,203,299,320
4738,No Helmet,0.44,78,203,299,320
4739,No Helmet,0.44,72,196,314,356
4740,No Helmet,0.44,72,196,314,356
4741,No Helmet,0.29,86,194,326,360
4761,No Helmet,0.29,329,201,554,371
4762,No Helmet,0.29,329,201,554,371
4763,No Helmet,0.35,331,201,560,363
4764,No Helmet,0.35,331,201,560,363
4767,No Helmet,0.26,346,200,561,368
4768,No Helmet,0.26,346,200,561,368
4769,No Helmet,0.53,346,199,563,359
4770,No Helmet,0.52,341,194,569,369
4771,No Helmet,0.52,341,194,569,369
4772,No Helmet,0.4,335,191,566,375
4773,No Helmet,0.4,335,191,566,375
4776,No Helmet,0.25,319,183,560,383
4777,No Helmet,0.25,319,183,560,383
4778,No Helmet,0.28,316,180,542,350
4783,No Helmet,0.3,284,159,518,340
4784,No Helmet,0.3,284,159,518,340
4806,IFR suit,0.38,4,175,431,479
4807,IFR suit,0.38,4,175,431,479
4810,IFR suit,0.26,6,147,432,479
4811,IFR suit,0.26,6,147,432,479
4814,IFR suit,0.26,6,116,441,479
4815,IFR suit,0.26,6,116,441,479
4819,IFR suit,0.25,6,71,439,480
4820,IFR suit,0.25,6,71,439,480
4875,No IFR,0.28,0,169,128,478
4876,No IFR,0.33,0,162,176,479
